<?xml version="1.0" encoding="US-ASCII"?>
<SoftwareAG_License>
<Component Id="SalesInfo">
<SerialNumber>0000860134</SerialNumber>
<LicenseKey>76A5BDB0D4D0F4E88DDCF4751664C9EA</LicenseKey>
<CustomerID>3150000</CustomerID>
<CustomerName>Software AG Integration v10.15 Free Trial until October 31, 2025</CustomerName>
<ContractDetails>Software AG Integration v10.15 Free Trial until October 31, 2025</ContractDetails>
<ContractPosNumber>10</ContractPosNumber>
<LicenseTypeDetails>Internal</LicenseTypeDetails>
<AutoCallHome>No</AutoCallHome>
</Component>
<Component Id="ProductInfo">
<ExpirationDate>2025/10/31</ExpirationDate>
<OS>win, Linux</OS>
<ProductCode>MAP</ProductCode>
<ProductID/>
<ProductName>ActiveTransfer Gateway</ProductName>
<ProductVersion>10.0</ProductVersion>
<Usage/>
<RenewalDate/>
<HigherLevPosNr/>
<HigherLevProdCode/>
<HigherLevProdName/>
</Component>
<Component Id="Integration Server">
<ProductCode>PIE</ProductCode>
<ProductVersion/>
<ConcurrentSessions>Unlimited</ConcurrentSessions>
<Clustering>no</Clustering>
<PubSub>no</PubSub>
<ART>no</ART>
<RemoteInvoke>no</RemoteInvoke>
<GuaranteedDelivery>no</GuaranteedDelivery>
<SecurityAuditing>no</SecurityAuditing>
<ReverseGateway>no</ReverseGateway>
<MobileGateway>no</MobileGateway>
<DistributedCache>no</DistributedCache>
</Component>
<Component Id="LicenseInfo">
<PriceUnit>CoreB</PriceUnit>
<PriceQuantity>1</PriceQuantity>
<TypeOfInstallation/>
<LicenseType/>
<ExtendedRights/>
<LicenseVersion>1.2</LicenseVersion>
<Metering>MNO</Metering>
</Component>
</SoftwareAG_License>