<?xml version="1.0" encoding="US-ASCII"?>
<SoftwareAG_License>
<Component Id="SalesInfo">
<SerialNumber>0000860130</SerialNumber>
<LicenseKey>FB950FA44EC6FF67469DDC9EBB0D06B2</LicenseKey>
<CustomerID>3150000</CustomerID>
<CustomerName>Software AG Integration v10.15 Free Trial until October 31, 2025</CustomerName>
<ContractDetails>Software AG Integration v10.15 Free Trial until October 31, 2025</ContractDetails>
<ContractPosNumber>10</ContractPosNumber>
<LicenseTypeDetails>Internal</LicenseTypeDetails>
<AutoCallHome>No</AutoCallHome>
</Component>
<Component Id="ProductInfo">
<ExpirationDate>2025/10/31</ExpirationDate>
<OS>win, Linux</OS>
<ProductCode>NUMWI</ProductCode>
<ProductID/>
<ProductName>Universal Messaging for Integration A/P</ProductName>
<ProductVersion>10.5</ProductVersion>
<Usage/>
<RenewalDate/>
<HigherLevPosNr/>
<HigherLevProdCode/>
<HigherLevProdName/>
</Component>
<Component Id="Universal Messaging">
<ProductCode>NUM</ProductCode>
<ProductVersion>10.5</ProductVersion>
<MixedChannels>yes</MixedChannels>
<ReliableChannels>yes</ReliableChannels>
<PersistentChannels>yes</PersistentChannels>
<JMSClients>yes</JMSClients>
<WebClients>no</WebClients>
<MobileClients>no</MobileClients>
<EnterpriseClients>yes</EnterpriseClients>
<Plugins>no</Plugins>
<DataGroups>no</DataGroups>
<Joins>yes</Joins>
<Clustering>no</Clustering>
<Scheduling>no</Scheduling>
<MessagingPriority>yes</MessagingPriority>
<HTTPSupport>no</HTTPSupport>
<SharedMemory>no</SharedMemory>
<Multicast>no</Multicast>
<MQTT>no</MQTT>
<AMQP>no</AMQP>
<JavaClients>yes</JavaClients>
<Queues>yes</Queues>
<DataStreams>no</DataStreams>
<Zones>yes</Zones>
<HorizontalScaling>yes</HorizontalScaling>
</Component>
<Component Id="LicenseInfo">
<PriceUnit>CoreB</PriceUnit>
<PriceQuantity>1</PriceQuantity>
<TypeOfInstallation/>
<LicenseType/>
<ExtendedRights/>
<LicenseVersion>1.2</LicenseVersion>
<Metering>MNO</Metering>
</Component>
</SoftwareAG_License>