<?xml version="1.0" encoding="US-ASCII"?>
<SoftwareAG_License>
<Component Id="SalesInfo">
<SerialNumber>0000860131</SerialNumber>
<LicenseKey>578C56CDA21B4182A53ABA17F3BAB44D</LicenseKey>
<CustomerID>3150000</CustomerID>
<CustomerName>Software AG Integration v10.15 Free Trial until October 31, 2025</CustomerName>
<ContractDetails>Software AG Integration v10.15 Free Trial until October 31, 2025</ContractDetails>
<ContractPosNumber>10</ContractPosNumber>
<LicenseTypeDetails>Internal</LicenseTypeDetails>
<AutoCallHome>No</AutoCallHome>
</Component>
<Component Id="ProductInfo">
<ExpirationDate>2025/10/31</ExpirationDate>
<OS>win, Linux</OS>
<ProductCode>OTN</ProductCode>
<ProductID/>
<ProductName>webMethods Trading Networks</ProductName>
<ProductVersion>10.0</ProductVersion>
<Usage/>
<RenewalDate/>
<HigherLevPosNr/>
<HigherLevProdCode/>
<HigherLevProdName/>
</Component>
<Component Id="Integration Server">
<ProductCode>PIE</ProductCode>
<ProductVersion>10.0</ProductVersion>
<ConcurrentSessions>Unlimited</ConcurrentSessions>
<Clustering>yes</Clustering>
<PubSub>yes</PubSub>
<ART>yes</ART>
<RemoteInvoke>yes</RemoteInvoke>
<GuaranteedDelivery>yes</GuaranteedDelivery>
<SecurityAuditing>yes</SecurityAuditing>
<DistributedCache>yes</DistributedCache>
<EnterpriseGateway>yes</EnterpriseGateway>
<TxnTimer>3</TxnTimer>
</Component>
<Component Id="Trading Networks">
<ProductCode>OTN</ProductCode>
<MaxPartners>Unlimited</MaxPartners>
</Component>
<Component Id="LicenseInfo">
<PriceUnit>CoreB</PriceUnit>
<PriceQuantity>1</PriceQuantity>
<TypeOfInstallation/>
<LicenseType/>
<ExtendedRights/>
<LicenseVersion>1.2</LicenseVersion>
<Metering>MNO</Metering>
</Component>
</SoftwareAG_License>